sample_id	body_site	subject	Shannon	Simpson	Chao1	Observed
Sample_1	Gut	Sub1	2.2689399288938006	0.8855483369818515	15.25	15
Sample_2	Gut	Sub2	2.3541007391815527	0.8954259740791548	15.0	15
Sample_3	Skin	Sub1	2.0736189484119802	0.8525722789115646	17.25	15
Sample_4	Skin	Sub2	2.1839653336196503	0.8681999579920185	14.0	14
