	Sample_1	Sample_2	Sample_3	Sample_4
Sample_1	0.0	0.11974789915966387	0.8935574229691875	0.8614663256606993
Sample_2	0.11974789915966387	0.0	0.846046110751993	0.8139550134435043
Sample_3	0.8935574229691875	0.846046110751993	0.0	0.16796066252587996
Sample_4	0.8614663256606993	0.8139550134435043	0.16796066252587996	0.0
