clade_name	Sample_1	Sample_2	Sample_3	Sample_4
k__Bacteria|p__Bacteroidetes	35.373177809414855	34.83252640935369	4.079561031706737	4.491617499621162
k__Bacteria|p__Firmicutes	38.89460232670194	42.20583411434408	43.677946263678926	43.2671806602812
k__Bacteria|p__Proteobacteria	5.6286709601682805	7.911815953502408	23.44670147934641	21.929315122371808
k__Bacteria|p__Actinobacteria	11.937127057360826	9.751313952160649	26.871898269588453	28.62702085246506
k__Bacteria|p__Verrucomicrobia	8.1664218463541	5.298509570639185	1.9238929556794664	1.6848658652607713
